Phase,Status,Title,Location,Impact,Recommendation
"1: Understanding","✅ GREEN","File inventory complete","Root","Found 3 files in 3 directories","Repository has measurable scope"
"1: Understanding","⚠️ YELLOW","No formal dependency file found","Root","May indicate missing dependency management","Add package.json, requirements.txt, or equivalent"
"1: Understanding","✅ GREEN","Core functionality mapped","Root","Primary language: gitignore, Frameworks: None","Tech stack identified for targeted analysis"
"2: Structural","⚠️ YELLOW","Source/test organization could be clearer","Directory structure","May indicate mixed concerns or no test structure","Organize code into src/, test/, and config/ directories"
"3: Quality","✅ GREEN","Documentation present (README)","Root/README.md","Project is documented for users and developers","Keep README updated with changes"
"3: Quality","⚠️ YELLOW","No code style configuration found","Root","May result in inconsistent code style across files","Add .eslintrc, pylintrc, or similar style configuration"
"3: Quality","🔴 RED","No testing configuration found","Root","Lack of automated tests increases bug risk","Set up Jest, pytest, Mocha, or similar test framework"
"3: Quality","⚠️ YELLOW","Large source files detected (1 files > 10KB)","LICENSE","Large files may indicate high cyclomatic complexity","Consider breaking large files into smaller, focused modules"
"4: Security","⚠️ YELLOW","No environment configuration pattern detected","Root","May indicate missing secrets management","Create .env.example for configuration template"
"4: Security","✅ GREEN",".gitignore configured",".gitignore","Prevents accidental commits of sensitive files","Ensure .gitignore includes: .env, node_modules, __pycache__, .venv"
"4: Security","⚠️ YELLOW","No automated security scanning detected","Root","Vulnerable dependencies may go undetected","Enable Dependabot or Snyk for automated vulnerability scanning"